sigma,A,deviation_metric
0.001,10,6.899009867213942
0.005,10,10.414241649956836
0.01,10,12.204924164920888
0.001,5,10.155457303085969
0.005,5,11.68332280131149
0.01,5,14.168904601865902
0.001,1,23.719067626636182
0.005,1,22.139577762414323
0.01,1,21.143523309600507
