sigma,N_samples,deviation_metric,E,elapsed_time,Метод оптимизации
0.001,500,7.9826498805324135,0.07125711626999898,38.48703622817993,cobyla
0.001,500,6.221422097827892,0.03393263252744384,15.19838285446167,lm
0.001,500,5.143249290946816,0.03283467082441177,29.60979723930359,nelder
0.001,500,7.782579711350457,0.0336511358913293,56.40137791633606,powell
0.001,500,10.724803139910804,0.0809254580304638,33.89297103881836,bayes
0.001,500,7.624826598075892,0.033678428779123436,174.198490858078,differential_evolution
